domain,rovonaj.com,CAMP.22.026
ip_address,69.46.15.147,CAMP.22.026
MD5,4c423b74648c039a0f812eb428ca98ec,CAMP.22.026
ip_address,23.82.140.219,CAMP.22.026
MD5,300d86efa8133628295e63e95c97ef2752d298e108a875f6cacc062bfccc3715,CAMP.22.026
MD5,ab1a3f8a0510ffa3c043bc200fe357c9ce220ea916f50b8b5b454027ef935c54,CAMP.22.026
MD5,5b6c3d277711d9f847be59b16fd08390fc07d3b27c7c6804e2170f456e9f1173,CAMP.22.026
domain,jodirah.com,CAMP.22.026
MD5,ae7c868713e1d02b4db60128c651eb1e3f6a33c02544cc4cb57c3aa6c6581b6e,CAMP.22.026
MD5,bc69dacee82ea71a811e74ada75c953314c776d8eee50fa28d1e2770e24b0a74,CAMP.22.026
ip_address,95.179.161.101,CAMP.22.026
domain,aazsbsgya565vlu2c6bzy6yfiebkcbtvvcytvolt33s77xypi7nypxyd.onion,CAMP.22.026
MD5,0d6c3de5aebbbe85939d7588150edf7b7bdc712fceb6a83d79e65b6f79bfc2ef,CAMP.22.026
MD5,7883f01096db9bcf090c2317749b6873036c27ba92451b212b8645770e1f0b8a,CAMP.22.026
MD5,17205c43189c22dfcb278f5cc45c2562f622b0b6280dcd43cc1d3c274095eb90,CAMP.22.026
MD5,9635c91adf7f8ee699b4b1b63d7342f3c732dfea9896cc0a67d9789b08577b5f,CAMP.22.026
file,f95943e81ea2a0e3909660f505c6bc38135f9c5a6662f5f2fa8f057405c228ae,CAMP.22.026
MD5,caacfa38248c32873bbbf787a486023249ead916fd9c38ea38e6205892123596,CAMP.22.026
MD5,aa5e31c1bcc77a93d5757a9de592a290559af12891a6b1e58e3f27bda1e356c3,CAMP.22.026
url,https://aazsbsgya565vlu2c6bzy6yfiebkcbtvvcytvolt33s77xypi7nypxyd.onion/,CAMP.22.026
MD5,4eb89919fcb5ec60d711563c26e8b643,CAMP.22.026
ip_address,64.44.101.252,CAMP.22.026
domain,fofapohelo.com,CAMP.22.026
MD5,a55db6bfa7dedecf7365567b803cb013,UNC4393
MD5,87b3bdf2330398c333873978d777e3c3,CAMP.22.026
domain,pabowape.com,CAMP.22.026
MD5,5d2204f3a20e163120f52a2e3595db19890050b2faa96c6cba6b094b0a52b0aa,CAMP.22.026
ip_address,176.124.221.130,CAMP.22.026
SHA256,01153cfe9fe9f1c3460e02d254bbe49b7b07c343061b7630234d95948d8f6106,UNC4393
url,http://aazsbsgya565vlu2c6bzy6yfiebkcbtvvcytvolt33s77xypi7nypxyd.onion/,CAMP.22.026
domain,gmw.cn,CAMP.22.026
MD5,8ff416db5447cbcb7da7a2c10b20e3ec47f315fa15184979ea86c4e7e039a4c2,CAMP.22.026
